issue_id,component
MRM-402,Web Interface
MRM-493,remote proxy
MRM-452,repository scanning
MRM-433,repository interface
MRM-420,remote proxy
MRM-420,Web Interface
MRM-442,Documentation
MRM-403,WebDAV Interface
MRM-469,indexing
MRM-444,remote proxy
MRM-497,Web Interface
MRM-462,Web Interface
MRM-443,Web Interface
MRM-484,repository interface
MRM-407,repository interface
MRM-460,remote proxy
MRM-414,indexing
MRM-422,Web Interface
MRM-440,WebDAV Interface
MRM-419,WebDAV Interface
MRM-463,remote proxy
MRM-459,Web Interface
MRM-491,Web Interface
MRM-432,remote proxy
MRM-405,remote proxy
MRM-498,Web Interface
MRM-492,remote proxy
MRM-445,Web Interface
MRM-465,browser
MRM-482,Web Interface
MRM-449,Web Interface
MRM-455,browser
MRM-489,WebDAV Interface
MRM-448,Web Interface
MRM-400,Web Interface
MRM-425,Web Interface
MRM-496,Web Interface
MRM-464,WebDAV Interface
MRM-409,repository scanning
MRM-410,browser
MRM-490,Web Interface
MRM-475,system
MRM-478,remote proxy
MRM-474,system
MRM-476,WebDAV Interface
MRM-429,Web Interface
MRM-434,repository interface
MRM-466,scheduling
MRM-470,indexing
MRM-472,remote proxy
MRM-404,Web Interface
MRM-494,Web Interface
MRM-412,WebDAV Interface
MRM-477,remote proxy
MRM-495,indexing
MRM-454,repository scanning
MRM-1604,Build
MRM-1674,Users/Security
MRM-1674,Web Interface
MRM-1651,Build
MRM-1638,Build
MRM-1635,system
MRM-1690,Users/Security
MRM-1699,Web Interface
MRM-1641,indexing
MRM-1671,repository interface
MRM-1663,Documentation
MRM-1633,Web Interface
MRM-1661,Documentation
MRM-1608,Build
MRM-1636,system
MRM-1659,system
MRM-1679,Design
MRM-1679,system
MRM-1679,Users/Security
MRM-1698,rest services
MRM-1698,Web Interface
MRM-1642,Build
MRM-1619,Design
MRM-1685,Documentation
MRM-1684,Web Interface
MRM-1694,browser
MRM-1657,Documentation
MRM-1640,rest services
MRM-1609,repository interface
MRM-1691,Users/Security
MRM-1623,Build
MRM-1662,Documentation
MRM-1618,Documentation
MRM-1697,Web Interface
MRM-1673,Design
MRM-1673,Web Interface
MRM-1605,Metadata Repository
MRM-1630,Web Interface
MRM-1612,Web Interface
MRM-1603,repository scanning
MRM-1610,rest services
MRM-1666,Web Interface
MRM-1687,Web Interface
MRM-1611,Web Interface
MRM-1634,system
MRM-1682,Users/Security
MRM-1646,Web Interface
MRM-1667,Users/Security
MRM-1614,Web Interface
MRM-1683,rest services
MRM-1622,repository scanning
MRM-1689,Web Interface
MRM-1670,Design
MRM-1670,repository interface
MRM-1629,Web Interface
MRM-1613,Web Interface
MRM-1669,Build
MRM-1675,Users/Security
MRM-1675,Web Interface
MRM-1681,Web Interface
MRM-1664,repository interface
MRM-1664,Web Interface
MRM-1607,Maven 2 Support
MRM-1686,Web Interface
MRM-1649,Maven 2 Support
MRM-1649,Metadata Repository
MRM-1606,remote proxy
MRM-1695,Users/Security
MRM-1647,Web Interface
MRM-1600,Web Interface
MRM-1688,WebDAV Interface
MRM-1616,Documentation
MRM-1650,Web Interface
MRM-1632,system
MRM-1696,rest services
MRM-1665,repository interface
MRM-1665,Web Interface
MRM-1639,Web Interface
MRM-1625,Metadata Repository
MRM-1672,Design
MRM-1672,Web Interface
MRM-1631,Web Interface
MRM-1680,Web Interface
MRM-1693,Web Interface
MRM-1558,Web Interface
MRM-1529,Users/Security
MRM-1500,Web Interface
MRM-1595,indexing
MRM-1595,scheduling
MRM-1595,Users/Security
MRM-1526,remote proxy
MRM-1594,system
MRM-1553,Web Interface
MRM-1542,Web Interface
MRM-1540,Web Interface
MRM-1528,Build
MRM-1517,browser
MRM-1560,indexing
MRM-1568,Metadata Repository
MRM-1551,rest services
MRM-1503,remote proxy
MRM-1515,Web Interface
MRM-1550,repository scanning
MRM-1556,Web Interface
MRM-1588,Metadata Repository
MRM-1510,repository interface
MRM-1510,Web Interface
MRM-1557,rest services
MRM-1524,search
MRM-1525,Build
MRM-1546,system
MRM-1544,Web Interface
MRM-1504,repository interface
MRM-1561,WebDAV Interface
MRM-1592,rest services
MRM-1518,system
MRM-1502,remote proxy
MRM-1569,Web Interface
MRM-1531,Web Interface
MRM-1590,rest services
MRM-1559,Build
MRM-1543,Web Interface
MRM-1599,remote proxy
MRM-1547,repository scanning
MRM-1505,repository interface
MRM-1505,Web Interface
MRM-1532,rest services
MRM-104,remote proxy
MRM-171,Web Interface
MRM-134,indexing
MRM-193,Web Interface
MRM-148,indexing
MRM-162,reporting
MRM-135,repository converter
MRM-135,scheduling
MRM-143,indexing
MRM-165,remote proxy
MRM-165,Web Interface
MRM-156,Web Interface
MRM-103,repository scanning
MRM-197,reporting
MRM-118,Design
MRM-190,remote proxy
MRM-150,Web Interface
MRM-163,repository scanning
MRM-145,indexing
MRM-102,remote proxy
MRM-176,indexing
MRM-125,repository scanning
MRM-112,indexing
MRM-124,Web Interface
MRM-107,remote proxy
MRM-175,indexing
MRM-106,remote proxy
MRM-105,remote proxy
MRM-142,indexing
MRM-152,repository scanning
MRM-186,Web Interface
MRM-185,system
MRM-180,reporting
MRM-180,repository scanning
MRM-159,remote proxy
MRM-170,Web Interface
MRM-151,indexing
MRM-117,Web Interface
MRM-169,Web Interface
MRM-127,indexing
MRM-140,Web Interface
MRM-100,remote proxy
MRM-158,indexing
MRM-158,remote proxy
MRM-139,scheduling
MRM-133,repository scanning
MRM-192,reporting
MRM-161,reporting
MRM-196,Web Interface
MRM-191,remote proxy
MRM-189,system
MRM-137,Web Interface
MRM-123,Web Interface
MRM-138,remote proxy
MRM-160,indexing
MRM-121,indexing
MRM-174,indexing
MRM-109,reporting
MRM-115,Web Interface
MRM-110,reporting
MRM-187,remote proxy
MRM-167,reporting
MRM-167,Web Interface
MRM-179,remote proxy
MRM-136,browser
MRM-136,Web Interface
MRM-178,Web Interface
MRM-157,reporting
MRM-111,repository interface
MRM-111,Web Interface
MRM-155,remote proxy
MRM-141,Design
MRM-129,indexing
MRM-128,indexing
MRM-113,Web Interface
MRM-130,Web Interface
MRM-184,reporting
MRM-194,Web Interface
MRM-101,remote proxy
MRM-195,Web Interface
MRM-147,indexing
MRM-166,reporting
MRM-166,Web Interface
MRM-173,indexing
MRM-119,indexing
MRM-177,scheduling
MRM-164,Web Interface
MRM-114,scheduling
MRM-183,Web Interface
MRM-120,Web Interface
MRM-149,remote proxy
MRM-144,Design
MRM-131,Web Interface
MRM-395,Web Interface
MRM-364,Users/Security
MRM-374,repository interface
MRM-351,Web Interface
MRM-354,reporting
MRM-319,Web Interface
MRM-370,remote proxy
MRM-372,Web Interface
MRM-348,Build
MRM-381,browser
MRM-343,Web Interface
MRM-315,Web Interface
MRM-337,Build
MRM-383,repository scanning
MRM-305,Web Interface
MRM-312,WebDAV Interface
MRM-366,Documentation
MRM-317,Web Interface
MRM-321,Web Interface
MRM-332,Web Interface
MRM-313,remote proxy
MRM-388,Web Interface
MRM-360,indexing
MRM-382,repository scanning
MRM-336,repository scanning
MRM-355,Users/Security
MRM-359,system
MRM-365,Design
MRM-300,Design
MRM-307,Web Interface
MRM-341,Web Interface
MRM-378,browser
MRM-396,Web Interface
MRM-398,Users/Security
MRM-344,Web Interface
MRM-356,Users/Security
MRM-369,repository scanning
MRM-335,repository scanning
MRM-399,remote proxy
MRM-399,WebDAV Interface
MRM-311,Web Interface
MRM-320,WebDAV Interface
MRM-306,scheduling
MRM-306,Web Interface
MRM-310,Web Interface
MRM-304,Documentation
MRM-375,repository interface
MRM-368,Design
MRM-362,Design
MRM-377,repository interface
MRM-350,Users/Security
MRM-350,Web Interface
MRM-376,browser
MRM-331,browser
MRM-380,browser
MRM-385,Documentation
MRM-318,Web Interface
MRM-352,Web Interface
MRM-349,Users/Security
MRM-373,Web Interface
MRM-330,browser
MRM-353,repository scanning
MRM-327,Web Interface
MRM-323,WebDAV Interface
MRM-384,system
MRM-324,Users/Security
MRM-322,Web Interface
MRM-357,repository scanning
MRM-302,Web Interface
MRM-361,Design
MRM-394,Web Interface
MRM-392,Web Interface
MRM-346,browser
MRM-340,Build
MRM-367,Design
MRM-328,Web Interface
MRM-334,Web Interface
MRM-345,browser
MRM-397,Users/Security
MRM-316,Web Interface
MRM-329,reporting
MRM-326,Web Interface
MRM-301,Web Interface
MRM-1486,Users/Security
MRM-1474,Web Interface
MRM-1408,Web Interface
MRM-1441,repository scanning
MRM-1414,remote proxy
MRM-1482,repository scanning
MRM-1457,Problem Reporting
MRM-1404,repository interface
MRM-1404,Web Interface
MRM-1466,Users/Security
MRM-1478,Users/Security
MRM-1405,Web Interface
MRM-1463,Web Interface
MRM-1480,Users/Security
MRM-1422,remote proxy
MRM-1492,Design
MRM-1492,Documentation
MRM-1456,repository scanning
MRM-1481,Users/Security
MRM-1462,system
MRM-1442,repository scanning
MRM-1425,Web Interface
MRM-1455,Users/Security
MRM-1428,Users/Security
MRM-1430,repository scanning
MRM-1429,remote proxy
MRM-1427,Metadata Repository
MRM-1427,repository interface
MRM-1427,repository scanning
MRM-1427,Web Interface
MRM-1423,remote proxy
MRM-1465,Build
MRM-1419,indexing
MRM-1443,repository scanning
MRM-1443,Repository Statistics
MRM-1438,Users/Security
MRM-1487,Web Interface
MRM-1440,system
MRM-1420,browser
MRM-1497,Web Interface
MRM-1400,repository interface
MRM-1418,repository scanning
MRM-1489,repository interface
MRM-1445,Users/Security
MRM-1464,Build
MRM-1444,Web Interface
MRM-1446,indexing
MRM-1483,system
MRM-1488,remote proxy
MRM-1450,search
MRM-1473,Build
MRM-1473,Design
MRM-1470,Metadata Repository
MRM-1476,Users/Security
MRM-1406,Audit Logging
MRM-1447,Documentation
MRM-1459,browser
MRM-1479,Web Interface
MRM-1449,remote proxy
MRM-1403,repository interface
MRM-1402,Audit Logging
MRM-1448,repository interface
MRM-1415,Metadata Repository
MRM-1421,repository scanning
MRM-1401,repository interface
MRM-1439,indexing
MRM-1416,Users/Security
MRM-1407,Documentation
MRM-1453,Web Interface
MRM-1426,Web Interface
MRM-1458,repository scanning
MRM-1469,Web Interface
MRM-1289,Documentation
MRM-1273,reporting
MRM-1263,indexing
MRM-1270,Web Interface
MRM-1276,Web Interface
MRM-1299,Web Interface
MRM-1258,Design
MRM-1259,indexing
MRM-1261,search
MRM-1261,Web Interface
MRM-1242,reporting
MRM-1239,WebDAV Interface
MRM-1297,Documentation
MRM-1286,browser
MRM-1296,reporting
MRM-1296,Web Interface
MRM-1256,repository interface
MRM-1256,WebDAV Interface
MRM-1283,browser
MRM-1283,Web Interface
MRM-1253,indexing
MRM-1253,repository scanning
MRM-1253,search
MRM-1205,remote proxy
MRM-1205,repository interface
MRM-1298,Documentation
MRM-1213,Web Interface
MRM-1268,Web Interface
MRM-1262,indexing
MRM-1279,reporting
MRM-1214,Documentation
MRM-1219,Web Interface
MRM-1249,Documentation
MRM-1249,indexing
MRM-1285,browser
MRM-1266,Web Interface
MRM-1243,Web Interface
MRM-1277,Selenium tests
MRM-1241,Web Interface
MRM-1255,browser
MRM-1255,Web Interface
MRM-1281,repository scanning
MRM-1252,indexing
MRM-1252,repository converter
MRM-1252,repository scanning
MRM-1204,repository scanning
MRM-1226,Web Interface
MRM-1211,Web Interface
MRM-1292,browser
MRM-1280,browser
MRM-1280,Web Interface
MRM-1220,Web Interface
MRM-1248,remote proxy
MRM-1264,indexing
MRM-1264,scheduling
MRM-1291,system
MRM-1260,indexing
MRM-1294,repository scanning
MRM-1265,indexing
MRM-1245,remote proxy
MRM-1267,Documentation
MRM-1287,indexing
MRM-1251,Documentation
MRM-1284,indexing
MRM-1254,indexing
MRM-1254,search
MRM-1212,repository scanning
MRM-1250,Users/Security
MRM-1275,indexing
MRM-1275,Web Interface
MRM-1247,Users/Security
MRM-1278,browser
MRM-1278,Web Interface
MRM-1232,WebDAV Interface
MRM-1132,indexing
MRM-1144,browser
MRM-1128,Web Interface
MRM-1160,WebDAV Interface
MRM-1145,Web Interface
MRM-1109,Web Interface
MRM-1184,indexing
MRM-1129,indexing
MRM-1131,Web Interface
MRM-1120,browser
MRM-1134,Users/Security
MRM-1134,Web Interface
MRM-1178,repository scanning
MRM-1162,indexing
MRM-1114,Users/Security
MRM-1114,WebDAV Interface
MRM-1149,remote proxy
MRM-1191,Documentation
MRM-1111,Web Interface
MRM-1127,WebDAV Interface
MRM-1118,Web Interface
MRM-1171,browser
MRM-1192,Documentation
MRM-1135,Web Interface
MRM-1165,Documentation
MRM-1190,remote proxy
MRM-1115,repository scanning
MRM-1121,Web Interface
MRM-1126,Web Interface
MRM-1148,indexing
MRM-1148,remote proxy
MRM-1130,Users/Security
MRM-1130,Web Interface
MRM-1108,Web Interface
MRM-1142,Web Interface
MRM-1151,repository scanning
MRM-1172,Web Interface
MRM-1113,Web Interface
MRM-1166,search
MRM-1101,Users/Security
MRM-1179,indexing
MRM-1187,Users/Security
MRM-1119,indexing
MRM-1158,WebDAV Interface
MRM-1143,indexing
MRM-1186,indexing
MRM-1163,WebDAV Interface
MRM-1182,Documentation
MRM-1188,indexing
MRM-1104,Web Interface
MRM-1147,remote proxy
MRM-1133,Users/Security
MRM-1110,Web Interface
MRM-1176,Web Interface
MRM-1198,repository scanning
MRM-1152,remote proxy
MRM-1117,Web Interface
MRM-1112,Web Interface
MRM-1116,Web Interface
MRM-1183,system
MRM-1139,Build
MRM-1125,search
MRM-1177,Web Interface
MRM-1181,Users/Security
MRM-1136,remote proxy
MRM-1122,repository scanning
MRM-1173,remote proxy
MRM-1173,repository scanning
MRM-1168,Users/Security
MRM-1156,WebDAV Interface
MRM-1123,indexing
MRM-1105,browser
MRM-1146,WebDAV Interface
MRM-661,Web Interface
MRM-634,Web Interface
MRM-614,Users/Security
MRM-684,WebDAV Interface
MRM-678,remote proxy
MRM-675,Build
MRM-654,repository scanning
MRM-659,remote proxy
MRM-696,Documentation
MRM-656,reporting
MRM-602,Documentation
MRM-601,Documentation
MRM-662,repository scanning
MRM-630,browser
MRM-632,repository scanning
MRM-620,reporting
MRM-650,indexing
MRM-631,remote proxy
MRM-686,browser
MRM-608,repository scanning
MRM-625,Users/Security
MRM-646,Documentation
MRM-690,system
MRM-693,Documentation
MRM-637,Build
MRM-688,Build
MRM-670,Web Interface
MRM-691,repository scanning
MRM-618,system
MRM-697,WebDAV Interface
MRM-655,system
MRM-660,Web Interface
MRM-647,Documentation
MRM-665,browser
MRM-677,Build
MRM-633,system
MRM-689,Documentation
MRM-638,Build
MRM-616,Users/Security
MRM-679,remote proxy
MRM-600,Web Interface
MRM-681,indexing
MRM-605,repository interface
MRM-613,reporting
MRM-692,reporting
MRM-653,WebDAV Interface
MRM-617,reporting
MRM-683,Web Interface
MRM-606,Build
MRM-645,Documentation
MRM-680,Users/Security
MRM-698,Documentation
MRM-604,Web Interface
MRM-649,Web Interface
MRM-615,repository scanning
MRM-607,Web Interface
MRM-694,repository interface
MRM-627,remote proxy
MRM-668,browser
MRM-619,Documentation
MRM-672,Documentation
MRM-611,Build
MRM-629,Web Interface
MRM-639,Documentation
MRM-603,Documentation
MRM-695,system
MRM-623,Web Interface
MRM-643,remote proxy
MRM-610,Build
MRM-642,Build
MRM-621,Web Interface
MRM-671,Build
MRM-626,Build
MRM-674,WebDAV Interface
MRM-636,Web Interface
MRM-652,WebDAV Interface
MRM-669,Build
MRM-612,repository scanning
MRM-1092,Web Interface
MRM-1057,Users/Security
MRM-1091,Build
MRM-1013,Users/Security
MRM-1018,reporting
MRM-1024,Web Interface
MRM-1059,repository interface
MRM-1049,reporting
MRM-1049,Web Interface
MRM-1062,browser
MRM-1094,Documentation
MRM-1023,Web Interface
MRM-1074,Design
MRM-1083,Web Interface
MRM-1010,Documentation
MRM-1078,repository scanning
MRM-1096,Web Interface
MRM-1011,Web Interface
MRM-1047,Users/Security
MRM-1084,Build
MRM-1084,system
MRM-1028,Web Interface
MRM-1026,Web Interface
MRM-1090,indexing
MRM-1097,system
MRM-1072,browser
MRM-1022,Web Interface
MRM-1066,Web Interface
MRM-1060,Build
MRM-1081,indexing
MRM-1081,reporting
MRM-1081,repository scanning
MRM-1081,system
MRM-1081,Users/Security
MRM-1093,Web Interface
MRM-1015,system
MRM-1076,indexing
MRM-1035,remote proxy
MRM-1032,Web Interface
MRM-1079,indexing
MRM-1061,Web Interface
MRM-1037,search
MRM-1058,Web Interface
MRM-1009,Web Interface
MRM-1007,WebDAV Interface
MRM-1051,system
MRM-1019,reporting
MRM-1019,Web Interface
MRM-1075,Users/Security
MRM-1075,Web Interface
MRM-1020,Web Interface
MRM-1034,browser
MRM-1001,Design
MRM-1095,repository scanning
MRM-1008,Web Interface
MRM-1053,search
MRM-1014,system
MRM-1077,Users/Security
MRM-1006,Documentation
MRM-1099,Documentation
MRM-1004,Build
MRM-1000,Build
MRM-1029,Web Interface
MRM-1042,browser
MRM-1042,Web Interface
MRM-1016,Web Interface
MRM-1085,Web Interface
MRM-1087,Documentation
MRM-1031,WebDAV Interface
MRM-1036,Documentation
MRM-1033,indexing
MRM-1033,repository scanning
MRM-1012,remote proxy
MRM-1038,search
MRM-1082,Build
MRM-877,Users/Security
MRM-860,repository scanning
MRM-847,Build
MRM-855,WebDAV Interface
MRM-807,indexing
MRM-802,Web Interface
MRM-848,repository scanning
MRM-800,Users/Security
MRM-832,Users/Security
MRM-888,Documentation
MRM-821,remote proxy
MRM-835,Web Interface
MRM-874,Web Interface
MRM-893,browser
MRM-822,system
MRM-866,WebDAV Interface
MRM-845,WebDAV Interface
MRM-870,Web Interface
MRM-882,remote proxy
MRM-820,repository interface
MRM-820,WebDAV Interface
MRM-857,remote proxy
MRM-881,Web Interface
MRM-804,repository scanning
MRM-885,remote proxy
MRM-823,Web Interface
MRM-844,indexing
MRM-844,Web Interface
MRM-862,Web Interface
MRM-829,Web Interface
MRM-803,Web Interface
MRM-876,remote proxy
MRM-896,Web Interface
MRM-854,Web Interface
MRM-861,Web Interface
MRM-886,remote proxy
MRM-899,Users/Security
MRM-830,remote proxy
MRM-883,browser
MRM-883,Web Interface
MRM-813,remote proxy
MRM-841,repository scanning
MRM-826,Web Interface
MRM-846,repository interface
MRM-834,repository interface
MRM-831,repository scanning
MRM-843,repository scanning
MRM-895,Web Interface
MRM-856,Web Interface
MRM-863,Web Interface
MRM-827,Design
MRM-827,repository interface
MRM-892,Web Interface
MRM-815,indexing
MRM-801,Documentation
MRM-837,browser
MRM-865,Web Interface
MRM-871,Web Interface
MRM-825,Build
MRM-840,remote proxy
MRM-887,system
MRM-884,remote proxy
MRM-868,Build
MRM-875,Web Interface
MRM-839,Web Interface
MRM-891,browser
MRM-828,WebDAV Interface
MRM-833,browser
MRM-814,Web Interface
MRM-867,WebDAV Interface
MRM-858,WebDAV Interface
MRM-879,Web Interface
MRM-805,browser
MRM-864,Web Interface
MRM-824,Web Interface
MRM-894,system
MRM-816,remote proxy
MRM-812,Users/Security
MRM-806,Web Interface
MRM-1816,Users/Security
MRM-1816,Web Interface
MRM-1867,rest services
MRM-1879,repository scanning
MRM-1862,browser
MRM-1807,system
MRM-1875,repository interface
MRM-1872,rest services
MRM-1824,Metadata Repository
MRM-1889,browser
MRM-1877,repository scanning
MRM-1858,browser
MRM-1871,remote proxy
MRM-1857,Web Interface
MRM-1881,Documentation
MRM-1881,system
MRM-1821,system
MRM-1811,Design
MRM-1811,Users/Security
MRM-1800,remote proxy
MRM-1802,indexing
MRM-1802,Web Interface
MRM-1899,remote proxy
MRM-1842,Audit Logging
MRM-1886,browser
MRM-1826,browser
MRM-1803,Build
MRM-1808,browser
MRM-1808,Design
MRM-1810,Design
MRM-1810,Users/Security
MRM-1820,Web Interface
MRM-1860,Build
MRM-1890,indexing
MRM-1812,Design
MRM-1812,Users/Security
MRM-1845,repository interface
MRM-1876,Users/Security
MRM-1844,system
MRM-1844,Users/Security
MRM-1844,WebDAV Interface
MRM-1869,indexing
MRM-1892,Web Interface
MRM-1849,Metadata Repository
MRM-1827,Users/Security
MRM-1831,repository interface
MRM-1898,system
MRM-1828,Build
MRM-1815,Users/Security
MRM-1815,Web Interface
MRM-1866,Problem Reporting
MRM-1840,Metadata Repository
MRM-1840,repository scanning
MRM-1868,Web Interface
MRM-1863,Web Interface
MRM-1805,Web Interface
MRM-1848,repository interface
MRM-1809,Design
MRM-1809,Users/Security
MRM-1839,Design
MRM-1801,Users/Security
MRM-1829,Build
MRM-1878,repository scanning
MRM-1891,Documentation
MRM-1804,WebDAV Interface
MRM-1855,Web Interface
MRM-1894,browser
MRM-1864,remote proxy
MRM-1813,Design
MRM-1813,Users/Security
MRM-5,repository converter
MRM-26,repository converter
MRM-2,reporting
MRM-21,repository converter
MRM-36,indexing
MRM-13,repository converter
MRM-97,remote proxy
MRM-87,repository interface
MRM-56,indexing
MRM-32,indexing
MRM-22,repository converter
MRM-11,Design
MRM-81,Web Interface
MRM-44,indexing
MRM-39,indexing
MRM-93,remote proxy
MRM-37,repository scanning
MRM-70,browser
MRM-48,indexing
MRM-49,reporting
MRM-91,indexing
MRM-29,repository converter
MRM-96,remote proxy
MRM-38,scheduling
MRM-90,Web Interface
MRM-3,repository converter
MRM-99,Web Interface
MRM-64,Web Interface
MRM-55,indexing
MRM-59,remote proxy
MRM-78,Web Interface
MRM-85,repository interface
MRM-94,reporting
MRM-98,Web Interface
MRM-86,repository interface
MRM-35,indexing
MRM-34,indexing
MRM-17,reporting
MRM-73,Web Interface
MRM-77,Web Interface
MRM-53,reporting
MRM-53,repository scanning
MRM-30,repository converter
MRM-58,indexing
MRM-20,repository converter
MRM-43,remote proxy
MRM-62,remote proxy
MRM-52,indexing
MRM-9,repository converter
MRM-72,Web Interface
MRM-16,reporting
MRM-15,repository converter
MRM-7,repository converter
MRM-57,indexing
MRM-89,Web Interface
MRM-83,reporting
MRM-42,repository scanning
MRM-41,repository scanning
MRM-40,repository scanning
MRM-79,Web Interface
MRM-33,indexing
MRM-19,repository converter
MRM-1,repository converter
MRM-45,indexing
MRM-47,indexing
MRM-12,repository converter
MRM-54,indexing
MRM-50,reporting
MRM-63,Web Interface
MRM-31,reporting
MRM-74,Web Interface
MRM-82,reporting
MRM-95,remote proxy
MRM-75,Web Interface
MRM-80,Web Interface
MRM-14,repository converter
MRM-6,reporting
MRM-84,reporting
MRM-51,reporting
MRM-23,repository converter
MRM-4,repository converter
MRM-951,browser
MRM-964,Web Interface
MRM-983,Web Interface
MRM-956,system
MRM-949,Web Interface
MRM-957,Users/Security
MRM-966,Documentation
MRM-994,browser
MRM-941,Web Interface
MRM-938,Users/Security
MRM-961,system
MRM-915,Users/Security
MRM-915,Web Interface
MRM-908,indexing
MRM-943,Web Interface
MRM-993,remote proxy
MRM-985,indexing
MRM-985,Web Interface
MRM-934,Web Interface
MRM-914,indexing
MRM-948,Design
MRM-955,repository interface
MRM-955,repository scanning
MRM-917,browser
MRM-916,WebDAV Interface
MRM-988,Web Interface
MRM-971,indexing
MRM-933,indexing
MRM-933,Web Interface
MRM-928,repository scanning
MRM-927,remote proxy
MRM-991,Documentation
MRM-921,Web Interface
MRM-981,indexing
MRM-935,repository scanning
MRM-930,Design
MRM-990,system
MRM-946,Users/Security
MRM-974,indexing
MRM-920,Web Interface
MRM-940,repository scanning
MRM-939,Users/Security
MRM-996,Build
MRM-919,Web Interface
MRM-911,Users/Security
MRM-910,Web Interface
MRM-925,remote proxy
MRM-925,WebDAV Interface
MRM-954,Web Interface
MRM-936,remote proxy
MRM-936,Web Interface
MRM-987,Web Interface
MRM-932,Web Interface
MRM-997,Web Interface
MRM-913,Web Interface
MRM-959,Documentation
MRM-944,Web Interface
MRM-904,repository scanning
MRM-977,Web Interface
MRM-989,browser
MRM-947,Documentation
MRM-905,Web Interface
MRM-926,Users/Security
MRM-926,Web Interface
MRM-969,Web Interface
MRM-970,browser
MRM-998,Users/Security
MRM-978,Web Interface
MRM-923,system
MRM-962,Web Interface
MRM-952,repository interface
MRM-952,repository scanning
MRM-965,reporting
MRM-965,Web Interface
MRM-901,WebDAV Interface
MRM-918,Users/Security
MRM-918,Web Interface
MRM-953,remote proxy
MRM-950,Web Interface
MRM-967,Users/Security
MRM-967,WebDAV Interface
MRM-995,Build
MRM-992,repository interface
MRM-906,remote proxy
MRM-922,Web Interface
MRM-572,Users/Security
MRM-506,reporting
MRM-585,browser
MRM-591,reporting
MRM-558,Web Interface
MRM-525,Documentation
MRM-518,repository interface
MRM-519,remote proxy
MRM-536,Build
MRM-599,remote proxy
MRM-560,Web Interface
MRM-541,remote proxy
MRM-526,remote proxy
MRM-524,repository interface
MRM-571,Users/Security
MRM-501,Web Interface
MRM-504,Web Interface
MRM-553,system
MRM-593,Web Interface
MRM-570,Users/Security
MRM-595,WebDAV Interface
MRM-569,Users/Security
MRM-594,repository interface
MRM-522,repository interface
MRM-548,Web Interface
MRM-513,remote proxy
MRM-549,Web Interface
MRM-534,repository scanning
MRM-542,Documentation
MRM-508,reporting
MRM-576,repository scanning
MRM-555,repository scanning
MRM-527,repository scanning
MRM-584,Users/Security
MRM-502,Web Interface
MRM-567,remote proxy
MRM-546,system
MRM-562,repository interface
MRM-563,remote proxy
MRM-554,browser
MRM-586,remote proxy
MRM-564,Users/Security
MRM-557,remote proxy
MRM-578,repository scanning
MRM-552,Web Interface
MRM-531,remote proxy
MRM-537,repository scanning
MRM-533,repository scanning
MRM-540,Web Interface
MRM-544,indexing
MRM-556,Web Interface
MRM-575,remote proxy
MRM-515,reporting
MRM-547,Web Interface
MRM-550,Web Interface
MRM-505,reporting
MRM-514,system
MRM-510,browser
MRM-577,repository interface
MRM-523,system
MRM-516,indexing
MRM-545,Documentation
MRM-528,repository scanning
MRM-579,remote proxy
MRM-579,Users/Security
MRM-535,repository scanning
MRM-582,system
MRM-520,remote proxy
MRM-580,Web Interface
MRM-597,system
MRM-530,repository scanning
MRM-539,Users/Security
MRM-596,WebDAV Interface
MRM-500,Build
MRM-532,Web Interface
MRM-511,remote proxy
MRM-565,WebDAV Interface
MRM-561,Web Interface
MRM-529,WebDAV Interface
MRM-503,repository interface
MRM-521,Web Interface
MRM-551,system
MRM-590,Documentation
MRM-590,Web Interface
MRM-543,repository scanning
MRM-204,Documentation
MRM-277,Web Interface
MRM-273,Users/Security
MRM-244,remote proxy
MRM-205,Web Interface
MRM-285,Web Interface
MRM-251,Web Interface
MRM-267,Web Interface
MRM-270,Users/Security
MRM-207,indexing
MRM-210,indexing
MRM-278,Web Interface
MRM-243,Web Interface
MRM-282,Web Interface
MRM-261,repository converter
MRM-265,Web Interface
MRM-284,Users/Security
MRM-262,reporting
MRM-201,Web Interface
MRM-272,Web Interface
MRM-227,Users/Security
MRM-208,indexing
MRM-287,Web Interface
MRM-258,Build
MRM-258,Documentation
MRM-206,Web Interface
MRM-233,Web Interface
MRM-253,Web Interface
MRM-248,indexing
MRM-221,WebDAV Interface
MRM-234,WebDAV Interface
MRM-297,reporting
MRM-255,reporting
MRM-219,repository converter
MRM-252,Build
MRM-209,Web Interface
MRM-214,Web Interface
MRM-269,Web Interface
MRM-211,remote proxy
MRM-240,remote proxy
MRM-240,WebDAV Interface
MRM-203,Web Interface
MRM-238,remote proxy
MRM-257,Design
MRM-257,remote proxy
MRM-257,WebDAV Interface
MRM-216,Web Interface
MRM-299,indexing
MRM-226,indexing
MRM-286,Users/Security
MRM-202,Web Interface
MRM-247,Web Interface
MRM-225,Web Interface
MRM-242,Web Interface
MRM-256,Design
MRM-200,Web Interface
MRM-212,remote proxy
MRM-223,Web Interface
MRM-236,Web Interface
MRM-220,repository converter
MRM-239,system
MRM-235,Web Interface
MRM-296,Web Interface
MRM-259,system
MRM-222,WebDAV Interface
MRM-254,remote proxy
MRM-266,Web Interface
MRM-283,Documentation
MRM-264,system
MRM-241,Web Interface
MRM-218,repository converter
MRM-260,Users/Security
MRM-263,repository converter
MRM-217,Web Interface
MRM-702,system
MRM-717,remote proxy
MRM-757,repository interface
MRM-735,system
MRM-746,repository scanning
MRM-738,repository scanning
MRM-742,repository interface
MRM-765,Web Interface
MRM-789,repository interface
MRM-741,remote proxy
MRM-786,browser
MRM-732,indexing
MRM-793,Web Interface
MRM-763,Web Interface
MRM-733,system
MRM-778,WebDAV Interface
MRM-744,Build
MRM-748,system
MRM-752,remote proxy
MRM-704,Users/Security
MRM-725,Web Interface
MRM-708,Design
MRM-795,Web Interface
MRM-722,Web Interface
MRM-775,Web Interface
MRM-785,Web Interface
MRM-723,remote proxy
MRM-710,Design
MRM-787,repository converter
MRM-711,Users/Security
MRM-734,remote proxy
MRM-719,repository scanning
MRM-791,Web Interface
MRM-701,Documentation
MRM-724,Web Interface
MRM-730,indexing
MRM-747,WebDAV Interface
MRM-764,Web Interface
MRM-772,repository scanning
MRM-740,Documentation
MRM-769,Web Interface
MRM-773,Web Interface
MRM-726,repository scanning
MRM-751,system
MRM-709,Design
MRM-706,Web Interface
MRM-777,Web Interface
MRM-715,indexing
MRM-754,Documentation
MRM-798,repository interface
MRM-750,Web Interface
MRM-780,browser
MRM-767,Build
MRM-716,remote proxy
MRM-774,Web Interface
MRM-705,repository scanning
MRM-784,Documentation
MRM-720,indexing
MRM-703,repository scanning
MRM-783,Web Interface
MRM-712,repository interface
MRM-718,Web Interface
MRM-781,WebDAV Interface
MRM-782,remote proxy
MRM-771,remote proxy
MRM-790,remote proxy
MRM-762,Web Interface
MRM-756,WebDAV Interface
MRM-745,Web Interface
MRM-1750,Problem Reporting
MRM-1781,Web Interface
MRM-1755,Web Interface
MRM-1704,WebDAV Interface
MRM-1718,Users/Security
MRM-1718,Web Interface
MRM-1740,Users/Security
MRM-1752,Web Interface
MRM-1753,Web Interface
MRM-1766,browser
MRM-1743,Maven 2 Support
MRM-1710,Web Interface
MRM-1716,Web Interface
MRM-1791,Users/Security
MRM-1737,Web Interface
MRM-1788,Users/Security
MRM-1734,Web Interface
MRM-1797,scheduling
MRM-1785,Problem Reporting
MRM-1783,Design
MRM-1783,Users/Security
MRM-1717,Web Interface
MRM-1706,Web Interface
MRM-1705,remote proxy
MRM-1759,Users/Security
MRM-1771,Metadata Repository
MRM-1714,Users/Security
MRM-1714,Web Interface
MRM-1712,Web Interface
MRM-1722,Users/Security
MRM-1722,Web Interface
MRM-1770,Users/Security
MRM-1792,system
MRM-1780,search
MRM-1746,indexing
MRM-1728,Metadata Repository
MRM-1796,Problem Reporting
MRM-1795,Web Interface
MRM-1720,indexing
MRM-1754,indexing
MRM-1782,repository interface
MRM-1782,repository scanning
MRM-1700,remote proxy
MRM-1773,Build
MRM-1799,WebDAV Interface
MRM-1756,Web Interface
MRM-1742,system
MRM-1735,Web Interface
MRM-1723,Web Interface
MRM-1790,Users/Security
MRM-1724,browser
MRM-1724,Web Interface
MRM-1721,Users/Security
MRM-1779,search
MRM-1747,Users/Security
MRM-1777,Web Interface
MRM-1709,Users/Security
MRM-1775,Users/Security
MRM-1715,Users/Security
MRM-1708,Users/Security
MRM-1703,Metadata Repository
MRM-1703,Web Interface
MRM-1778,system
MRM-1713,Users/Security
MRM-1713,Web Interface
MRM-1741,system
MRM-1745,indexing
MRM-1736,Users/Security
MRM-1751,indexing
MRM-1731,Users/Security
MRM-1731,Web Interface
MRM-1784,Design
MRM-1784,Documentation
MRM-1784,Users/Security
MRM-1711,Web Interface
MRM-1725,browser
MRM-1727,browser
MRM-1768,Web Interface
MRM-1772,repository interface
MRM-1758,Audit Logging
MRM-1793,Web Interface
MRM-1701,repository scanning
MRM-1732,Users/Security
MRM-1732,Web Interface
MRM-1776,Users/Security
MRM-1776,Web Interface
MRM-1738,Web Interface
MRM-1726,browser
MRM-1729,Metadata Repository
MRM-1744,indexing
MRM-1739,Documentation
MRM-1767,browser
MRM-1919,redback
MRM-1919,Users/Security
MRM-1913,Users/Security
MRM-1916,WebDAV Interface
MRM-1918,browser
MRM-1918,indexing
MRM-1957,Metadata Repository
MRM-1955,redback
MRM-1912,redback
MRM-1912,Users/Security
MRM-1912,Web Interface
MRM-1914,Build
MRM-1958,indexing
MRM-1932,Metadata Repository
MRM-1934,redback
MRM-1901,Users/Security
MRM-1935,repository interface
MRM-1917,rest services
MRM-1940,repository interface
MRM-1949,Web Interface
MRM-1943,redback
MRM-1960,Metadata Repository
MRM-1937,Users/Security
MRM-1930,Maven 2 Support
MRM-1963,Design
MRM-1931,scheduling
MRM-1933,repository interface
MRM-1920,Web Interface
MRM-1950,system
MRM-1924,repository scanning
MRM-1928,WebDAV Interface
MRM-1922,Build
MRM-1926,system
MRM-1921,Build
MRM-1921,Maven 2 Support
MRM-1905,Problem Reporting
MRM-1941,Build
MRM-1941,redback
MRM-1927,repository scanning
MRM-1962,Documentation
MRM-1923,redback
MRM-1936,Users/Security
MRM-1942,redback
MRM-1942,system
MRM-1911,Web Interface
MRM-1909,rest services
MRM-1904,Build
MRM-1904,Documentation
MRM-1907,redback
MRM-1907,Users/Security
MRM-1906,redback
MRM-1908,Users/Security
MRM-1925,remote proxy
MRM-1307,Web Interface
MRM-1325,Users/Security
MRM-1328,Design
MRM-1386,Web Interface
MRM-1329,Documentation
MRM-1394,Selenium tests
MRM-1332,system
MRM-1361,Maven 2 Support
MRM-1392,remote proxy
MRM-1392,WebDAV Interface
MRM-1321,Web Interface
MRM-1333,Documentation
MRM-1335,Web Interface
MRM-1344,search
MRM-1370,Web Interface
MRM-1385,Web Interface
MRM-1340,browser
MRM-1340,Web Interface
MRM-1387,Build
MRM-1300,search
MRM-1300,Web Interface
MRM-1338,Maven 2 Support
MRM-1338,Web Interface
MRM-1350,Web Interface
MRM-1360,Maven 2 Support
MRM-1317,Web Interface
MRM-1345,indexing
MRM-1306,Web Interface
MRM-1336,Audit Logging
MRM-1391,remote proxy
MRM-1391,WebDAV Interface
MRM-1364,Web Interface
MRM-1302,WebDAV Interface
MRM-1343,Problem Reporting
MRM-1310,Documentation
MRM-1362,browser
MRM-1362,Metadata Repository
MRM-1362,Web Interface
MRM-1320,Documentation
MRM-1330,Design
MRM-1353,Web Interface
MRM-1342,Repository Statistics
MRM-1390,indexing
MRM-1315,Web Interface
MRM-1304,reporting
MRM-1304,Web Interface
MRM-1337,Audit Logging
MRM-1324,Selenium tests
MRM-1309,Users/Security
MRM-1383,repository interface
MRM-1322,Selenium tests
MRM-1389,Maven 2 Support
MRM-1369,Users/Security
MRM-1357,WebDAV Interface
MRM-1398,Web Interface
MRM-1341,Web Interface
MRM-1305,Documentation
MRM-1382,repository converter
MRM-1314,Documentation
MRM-1395,Users/Security
MRM-1347,remote proxy
MRM-1371,Documentation
MRM-1348,repository interface
MRM-1348,WebDAV Interface
MRM-1355,Audit Logging
MRM-1346,Metadata Repository
MRM-1346,repository scanning
MRM-1393,Build
MRM-1354,WebDAV Interface
MRM-1316,Web Interface
MRM-1334,reporting
MRM-1358,Web Interface
MRM-1374,remote proxy
MRM-1380,Maven 2 Support
MRM-1380,repository scanning
MRM-1399,Web Interface
MRM-1381,WebDAV Interface
MRM-1301,reporting
MRM-1327,system
MRM-1349,browser
MRM-1339,Maven 2 Support
MRM-1339,Web Interface
MRM-1372,Selenium tests
MRM-1356,WebDAV Interface
MRM-1378,Audit Logging
MRM-1397,repository interface
